username,password,firstname,lastname,streetAdress,citystate
QAload11,123qwerty,Aleksey,Mirniy,Street1,Ivanovo
QAload12,123qwerty,Ivan,Ivanov,Street2,Tyumen
QAload13,123qwerty,Mariya,Sergeeva,Street3,Moscow
QAload14,123qwerty,Jon,Cina,Street4,Chikago
QAload15,123qwerty,Cina,Wolf,Street5,Detroit
QAload16,123qwerty,Aleksei,Zhavoronkov,street6,Shadow
QAload17,123qwerty,Vadim,Bochkov,street7,NewYork
QAload18,123qwerty,Nikita,Zhivoi,street8,CHikotka
QAload19,123qwerty,Igor,Konin,street9,DownTown
QAload20,123qwerty,Marinf,Rezantseva,street10,LoadTown